geoID,LocationID,LocalizedName,LocalizedAdditionalNames,locationV2,placeType,latitude,longitude
35805,35805,Chicago,"Illinois, United States, North America","Illinois, United States",CITY,41.878407,-87.62568
7760451,7760451,Chicago's North Shore,"Illinois, United States, North America","Illinois, United States",VIRTUAL_NARROW_NONLEAF,42.23857,-88.368645
7218212,7218212,Chicago Southland,"Illinois, United States, North America","Illinois, United States",VIRTUAL_NARROW_NONLEAF,41.58326,-87.57068
35807,35807,Chicago Ridge,"Illinois, United States, North America","Illinois, United States",CITY,41.70315,-87.77932
35806,35806,Chicago Heights,"Illinois, United States, North America","Illinois, United States",CITY,41.50197,-87.64052
